240,241,242,242,242,242,242,242,242,242,242,242,242,242,242,242,242,242,242,242,242,242,242,242,242,242,242,242,242,242,242,17,18,19,242,242,242,242,242,242,242,242,242,242,242,242,242,242,242,242,242,242,242,242,242,242,242,242,242,242,242,242,246,247
272,273,274,274,274,274,274,274,274,274,274,274,274,274,274,274,274,274,274,274,274,274,274,274,274,274,274,274,274,278,274,49,50,51,274,274,274,274,274,274,274,274,274,274,274,274,274,274,274,274,274,274,274,274,274,274,274,273,274,274,274,274,278,279
400,401,-1,-1,-1,-1,-1,-1,406,-1,-1,-1,-1,-1,-1,-1,-1,-1,-1,-1,-1,-1,-1,406,-1,-1,-1,-1,-1,310,-1,-1,-1,-1,-1,-1,-1,-1,-1,-1,-1,-1,-1,-1,-1,-1,-1,-1,-1,-1,310,-1,-1,-1,-1,-1,-1,401,-1,-1,-1,-1,310,311
400,401,-1,-1,-1,-1,-1,-1,406,-1,-1,-1,-1,-1,-1,-1,-1,-1,-1,-1,-1,-1,-1,406,-1,-1,-1,-1,-1,310,-1,-1,-1,-1,-1,-1,-1,-1,-1,-1,-1,-1,-1,-1,-1,-1,-1,-1,-1,-1,310,-1,-1,-1,-1,-1,-1,401,-1,-1,-1,-1,310,311
400,401,-1,-1,-1,-1,-1,-1,406,-1,-1,-1,-1,-1,-1,-1,-1,-1,-1,-1,-1,-1,-1,406,-1,-1,-1,-1,-1,310,-1,-1,-1,-1,-1,-1,-1,-1,-1,-1,-1,-1,-1,-1,-1,-1,-1,-1,-1,-1,-1,310,-1,-1,-1,-1,-1,401,-1,-1,-1,-1,310,311
400,401,-1,-1,-1,-1,-1,-1,406,-1,-1,-1,-1,-1,-1,-1,-1,-1,-1,-1,-1,-1,-1,406,-1,-1,-1,-1,-1,310,-1,-1,-1,-1,-1,-1,-1,-1,-1,-1,-1,-1,-1,-1,-1,-1,-1,-1,-1,-1,-1,310,-1,-1,-1,-1,-1,401,-1,-1,-1,-1,144,145
400,401,-1,-1,-1,-1,-1,-1,406,-1,-1,-1,-1,-1,-1,-1,-1,-1,-1,-1,-1,-1,-1,406,-1,-1,-1,-1,-1,310,-1,-1,-1,-1,-1,-1,-1,-1,-1,-1,-1,-1,-1,-1,-1,-1,-1,-1,-1,-1,-1,310,-1,-1,-1,-1,-1,401,-1,-1,-1,-1,176,177
400,401,-1,-1,-1,-1,-1,-1,406,-1,-1,-1,-1,-1,-1,-1,-1,-1,-1,-1,-1,-1,-1,-1,-1,-1,-1,-1,-1,310,-1,-1,-1,-1,-1,-1,-1,-1,-1,-1,-1,-1,-1,-1,-1,-1,-1,-1,-1,-1,-1,310,-1,-1,-1,-1,-1,401,-1,-1,-1,-1,208,209
400,401,-1,-1,-1,-1,-1,-1,406,-1,-1,-1,-1,-1,-1,-1,-1,-1,-1,-1,-1,-1,-1,-1,-1,-1,-1,-1,-1,310,-1,-1,-1,-1,-1,-1,-1,-1,-1,-1,-1,-1,-1,-1,-1,-1,-1,-1,-1,-1,-1,310,-1,-1,-1,-1,-1,401,-1,-1,-1,-1,310,311
400,401,-1,-1,-1,-1,-1,-1,406,-1,-1,-1,-1,-1,273,437,437,437,437,437,437,437,437,437,437,437,437,437,437,438,-1,-1,-1,-1,-1,-1,-1,-1,-1,-1,-1,310,-1,-1,-1,-1,-1,-1,-1,-1,-1,310,-1,-1,-1,-1,-1,433,437,437,437,437,438,311
400,401,-1,-1,-1,-1,-1,-1,406,-1,-1,-1,-1,-1,305,-1,-1,-1,-1,-1,-1,-1,-1,-1,-1,-1,310,-1,-1,-1,-1,-1,-1,-1,-1,-1,-1,-1,-1,-1,-1,310,-1,-1,-1,-1,-1,-1,-1,-1,-1,310,-1,-1,-1,-1,-1,-1,-1,-1,-1,-1,310,311
400,401,-1,-1,-1,-1,-1,-1,406,-1,-1,-1,-1,-1,305,-1,-1,-1,-1,-1,-1,-1,-1,-1,-1,-1,310,-1,-1,-1,-1,-1,-1,-1,-1,-1,-1,-1,-1,-1,-1,310,-1,-1,-1,-1,-1,-1,-1,-1,-1,310,-1,-1,-1,-1,-1,-1,-1,-1,-1,-1,310,311
400,401,-1,-1,-1,-1,-1,-1,-1,-1,-1,-1,-1,-1,305,-1,-1,-1,-1,-1,-1,-1,-1,-1,-1,-1,310,-1,-1,-1,-1,-1,-1,-1,-1,-1,-1,-1,-1,-1,-1,310,-1,-1,-1,-1,-1,-1,-1,-1,-1,310,-1,-1,-1,-1,-1,-1,-1,-1,-1,-1,310,311
400,401,-1,-1,-1,-1,-1,-1,-1,-1,-1,-1,-1,-1,305,-1,-1,-1,-1,-1,-1,-1,-1,-1,-1,-1,310,-1,-1,-1,-1,-1,-1,-1,-1,-1,-1,-1,-1,-1,-1,310,-1,-1,-1,-1,-1,-1,-1,-1,-1,310,-1,-1,-1,-1,-1,-1,-1,-1,-1,-1,310,311
400,401,-1,-1,-1,-1,-1,-1,-1,-1,-1,-1,-1,-1,305,-1,-1,-1,-1,-1,-1,-1,-1,-1,-1,-1,310,-1,-1,-1,-1,-1,-1,-1,-1,-1,-1,-1,-1,-1,-1,310,-1,-1,-1,-1,-1,-1,-1,-1,-1,310,-1,-1,-1,-1,-1,-1,-1,-1,-1,-1,310,311
400,401,-1,-1,-1,-1,-1,-1,-1,-1,-1,-1,-1,-1,305,-1,-1,-1,-1,-1,-1,-1,-1,-1,-1,-1,310,-1,-1,-1,-1,-1,-1,-1,-1,-1,-1,-1,-1,-1,310,310,-1,-1,-1,-1,-1,-1,-1,-1,-1,310,-1,-1,-1,-1,-1,-1,-1,-1,-1,-1,310,311
400,401,406,406,406,406,406,406,406,406,406,406,406,-1,305,-1,-1,-1,-1,-1,-1,-1,-1,-1,-1,-1,310,-1,-1,-1,-1,-1,-1,-1,-1,-1,-1,-1,-1,-1,310,-1,-1,-1,-1,-1,-1,-1,-1,-1,-1,310,-1,-1,-1,-1,-1,-1,-1,-1,-1,-1,310,311
400,401,-1,-1,-1,-1,-1,-1,-1,-1,-1,-1,-1,-1,305,-1,-1,-1,-1,-1,-1,-1,-1,-1,-1,-1,310,-1,-1,-1,-1,-1,-1,-1,-1,-1,-1,-1,-1,-1,310,-1,-1,-1,-1,-1,-1,-1,-1,-1,-1,310,-1,-1,-1,-1,-1,-1,-1,-1,-1,-1,310,311
400,401,-1,-1,-1,-1,-1,-1,-1,-1,-1,-1,-1,-1,-1,-1,-1,-1,-1,-1,-1,-1,-1,-1,-1,-1,310,-1,-1,-1,-1,-1,-1,-1,-1,-1,-1,-1,-1,-1,310,-1,-1,-1,-1,-1,-1,-1,-1,-1,-1,310,-1,-1,-1,-1,-1,-1,-1,-1,-1,-1,310,311
400,401,-1,-1,-1,-1,-1,-1,-1,-1,-1,-1,-1,-1,-1,-1,-1,-1,-1,-1,-1,-1,-1,-1,-1,-1,310,-1,-1,-1,-1,-1,-1,-1,-1,-1,-1,-1,-1,-1,310,-1,-1,-1,-1,-1,-1,-1,-1,-1,-1,310,-1,-1,-1,-1,-1,-1,-1,-1,-1,-1,310,311
400,401,-1,-1,-1,-1,-1,-1,-1,-1,-1,-1,-1,-1,-1,-1,-1,-1,-1,-1,-1,-1,-1,-1,-1,-1,310,-1,-1,-1,-1,-1,-1,-1,-1,-1,-1,-1,-1,-1,310,-1,-1,-1,-1,-1,-1,-1,-1,-1,-1,-1,310,-1,-1,-1,-1,-1,-1,-1,-1,-1,310,311
400,401,-1,-1,-1,-1,-1,-1,-1,310,-1,-1,-1,-1,-1,-1,-1,-1,-1,-1,-1,-1,-1,-1,-1,-1,310,-1,-1,-1,-1,-1,-1,-1,-1,-1,-1,-1,-1,310,310,-1,-1,-1,-1,-1,-1,-1,-1,-1,-1,-1,310,-1,-1,-1,-1,-1,-1,-1,-1,-1,310,311
400,401,-1,-1,-1,-1,-1,-1,-1,310,-1,-1,-1,-1,-1,-1,-1,-1,-1,-1,-1,-1,-1,-1,-1,-1,310,-1,-1,-1,-1,-1,-1,-1,-1,-1,-1,-1,-1,310,-1,-1,-1,-1,-1,-1,-1,-1,-1,-1,-1,-1,310,-1,-1,-1,-1,-1,-1,-1,-1,-1,310,311
400,401,-1,-1,-1,-1,-1,-1,-1,310,310,-1,-1,-1,-1,-1,-1,-1,-1,-1,-1,-1,-1,-1,-1,-1,310,-1,-1,-1,-1,-1,-1,-1,-1,-1,-1,-1,310,310,-1,-1,-1,-1,-1,-1,-1,-1,-1,-1,-1,-1,310,-1,-1,-1,-1,-1,-1,-1,-1,-1,310,311
400,401,-1,-1,-1,-1,-1,-1,-1,-1,310,-1,-1,-1,-1,-1,-1,-1,-1,-1,-1,-1,-1,-1,-1,-1,310,-1,-1,-1,-1,-1,-1,-1,-1,-1,-1,-1,310,-1,-1,-1,-1,-1,-1,-1,-1,-1,-1,-1,-1,-1,310,-1,-1,-1,-1,-1,-1,-1,-1,-1,310,311
400,401,-1,-1,-1,-1,-1,-1,-1,-1,310,310,310,310,310,-1,-1,-1,-1,-1,-1,-1,-1,-1,-1,-1,310,-1,-1,-1,-1,-1,-1,-1,-1,-1,-1,-1,310,-1,-1,-1,-1,-1,-1,-1,-1,-1,-1,-1,-1,-1,310,-1,-1,-1,-1,-1,-1,-1,-1,-1,310,311
400,401,-1,-1,-1,-1,-1,-1,-1,-1,-1,-1,-1,-1,305,-1,-1,-1,-1,-1,-1,-1,-1,-1,-1,-1,310,-1,-1,-1,-1,-1,-1,-1,-1,-1,-1,-1,310,-1,-1,-1,-1,-1,-1,-1,-1,-1,-1,-1,-1,-1,310,-1,-1,-1,-1,-1,-1,-1,-1,-1,310,311
400,401,-1,-1,-1,-1,-1,-1,-1,-1,-1,-1,-1,-1,305,-1,-1,-1,-1,-1,-1,-1,-1,-1,-1,-1,310,-1,-1,-1,-1,-1,-1,-1,-1,-1,-1,-1,310,-1,-1,-1,-1,-1,-1,-1,-1,-1,-1,-1,-1,-1,310,-1,-1,-1,-1,-1,-1,-1,-1,-1,310,311
400,401,-1,-1,-1,-1,-1,-1,-1,-1,-1,-1,-1,-1,305,-1,-1,-1,-1,-1,-1,-1,-1,-1,-1,-1,310,-1,-1,-1,-1,-1,-1,-1,-1,-1,-1,310,-1,-1,-1,-1,-1,-1,-1,-1,-1,-1,-1,-1,-1,-1,310,-1,-1,-1,-1,-1,-1,-1,-1,-1,310,311
400,401,-1,-1,-1,-1,-1,-1,-1,-1,-1,-1,-1,-1,305,-1,-1,-1,-1,-1,-1,-1,-1,-1,-1,-1,310,-1,-1,-1,-1,-1,-1,-1,-1,-1,-1,310,-1,-1,-1,-1,-1,-1,-1,-1,-1,-1,-1,-1,-1,-1,310,-1,-1,-1,-1,-1,-1,-1,-1,-1,310,311
400,401,-1,-1,-1,-1,-1,-1,-1,-1,-1,-1,-1,-1,305,-1,-1,-1,-1,-1,-1,-1,-1,-1,-1,-1,310,-1,-1,-1,-1,-1,-1,-1,-1,-1,-1,310,-1,-1,-1,-1,-1,-1,-1,-1,-1,-1,-1,-1,-1,-1,310,-1,-1,-1,-1,-1,-1,-1,-1,-1,310,311
400,401,-1,-1,-1,-1,-1,-1,-1,-1,-1,-1,-1,-1,305,-1,-1,-1,-1,-1,-1,-1,-1,-1,-1,-1,310,-1,-1,-1,-1,-1,-1,-1,-1,-1,-1,310,-1,-1,-1,-1,-1,-1,-1,-1,-1,-1,-1,-1,-1,-1,310,-1,-1,-1,-1,-1,-1,-1,-1,-1,310,311
400,401,-1,-1,-1,-1,-1,406,406,406,406,406,406,406,406,-1,-1,-1,-1,-1,-1,-1,-1,-1,-1,-1,310,-1,-1,-1,-1,-1,-1,-1,-1,-1,-1,310,-1,-1,-1,-1,-1,-1,-1,-1,-1,-1,-1,-1,-1,-1,310,-1,-1,-1,-1,-1,-1,-1,-1,-1,310,311
400,401,-1,-1,-1,-1,-1,-1,-1,-1,-1,-1,-1,-1,305,-1,-1,-1,-1,-1,-1,-1,-1,-1,-1,-1,310,-1,-1,-1,-1,-1,-1,-1,-1,-1,-1,310,-1,-1,-1,-1,-1,-1,-1,-1,-1,-1,-1,-1,-1,-1,310,-1,-1,-1,-1,-1,-1,-1,-1,-1,310,311
400,401,-1,-1,-1,-1,-1,-1,-1,-1,-1,-1,-1,-1,305,-1,-1,-1,-1,-1,-1,-1,-1,-1,-1,310,-1,-1,-1,-1,-1,-1,-1,-1,-1,-1,-1,310,-1,-1,-1,-1,-1,-1,-1,-1,-1,-1,-1,-1,-1,-1,310,-1,-1,-1,-1,-1,-1,-1,-1,-1,310,311
400,401,-1,-1,-1,-1,-1,-1,-1,-1,-1,-1,-1,-1,305,-1,-1,-1,-1,-1,-1,-1,-1,-1,-1,-1,-1,-1,-1,-1,-1,-1,-1,-1,-1,-1,-1,310,-1,-1,-1,-1,-1,-1,-1,-1,-1,-1,-1,-1,-1,-1,310,-1,-1,-1,-1,-1,-1,-1,-1,-1,310,311
400,401,-1,-1,-1,-1,-1,-1,-1,-1,-1,-1,-1,-1,305,-1,-1,-1,-1,-1,-1,-1,-1,-1,-1,-1,-1,-1,-1,-1,-1,-1,-1,-1,-1,-1,-1,310,-1,-1,-1,-1,-1,-1,-1,-1,-1,-1,-1,-1,-1,-1,310,-1,-1,-1,-1,-1,-1,-1,-1,-1,310,311
400,401,-1,-1,-1,-1,-1,-1,-1,-1,-1,-1,-1,-1,305,-1,-1,-1,-1,-1,-1,-1,-1,-1,-1,-1,-1,-1,-1,-1,-1,-1,-1,-1,-1,-1,-1,310,-1,-1,-1,-1,-1,-1,-1,-1,-1,-1,-1,-1,-1,-1,310,-1,-1,-1,-1,-1,-1,-1,-1,-1,310,311
400,401,406,406,406,406,406,-1,-1,-1,-1,-1,-1,-1,305,-1,-1,-1,-1,-1,-1,-1,-1,-1,-1,-1,-1,-1,-1,-1,-1,-1,-1,-1,-1,-1,-1,310,-1,-1,-1,-1,-1,-1,-1,-1,-1,-1,-1,-1,-1,-1,310,-1,-1,-1,-1,-1,-1,-1,-1,-1,310,311
400,401,-1,-1,-1,-1,-1,-1,-1,-1,-1,-1,-1,-1,305,-1,-1,-1,-1,-1,-1,-1,-1,-1,-1,-1,-1,-1,-1,-1,-1,-1,-1,-1,-1,-1,-1,310,-1,-1,-1,-1,-1,-1,-1,-1,-1,-1,-1,-1,-1,-1,310,-1,-1,-1,-1,-1,-1,-1,-1,-1,310,311
400,401,-1,-1,-1,-1,-1,-1,-1,-1,-1,-1,-1,-1,305,-1,-1,-1,-1,-1,-1,-1,-1,-1,-1,-1,-1,-1,-1,-1,-1,-1,-1,-1,-1,-1,-1,310,-1,-1,-1,-1,-1,-1,-1,-1,-1,-1,-1,-1,-1,-1,-1,-1,-1,-1,-1,-1,-1,-1,-1,-1,310,311
400,401,-1,-1,-1,-1,-1,-1,-1,-1,-1,-1,-1,-1,305,-1,-1,-1,-1,-1,-1,-1,-1,-1,-1,-1,-1,-1,-1,-1,-1,-1,-1,-1,-1,-1,-1,310,-1,-1,-1,-1,-1,-1,-1,-1,-1,-1,-1,-1,-1,-1,-1,-1,-1,-1,-1,-1,-1,-1,-1,-1,310,311
400,401,-1,-1,-1,-1,-1,-1,-1,-1,-1,-1,-1,-1,305,-1,-1,-1,-1,-1,-1,-1,-1,-1,-1,-1,-1,-1,-1,-1,-1,-1,-1,-1,-1,-1,-1,310,-1,-1,-1,-1,-1,-1,-1,-1,-1,-1,-1,-1,-1,-1,-1,-1,-1,-1,-1,-1,-1,-1,-1,-1,310,311
400,401,-1,-1,-1,-1,-1,-1,-1,-1,-1,-1,-1,-1,305,-1,-1,-1,-1,-1,-1,-1,-1,-1,-1,-1,-1,-1,-1,-1,-1,-1,-1,-1,-1,-1,310,310,-1,-1,-1,-1,-1,-1,-1,-1,-1,-1,-1,-1,-1,-1,-1,-1,-1,-1,-1,-1,-1,-1,-1,-1,310,311
400,401,-1,-1,-1,-1,-1,-1,-1,-1,-1,-1,-1,-1,305,-1,-1,-1,-1,-1,-1,-1,-1,-1,-1,-1,-1,-1,-1,-1,-1,-1,-1,-1,-1,-1,310,-1,-1,-1,-1,-1,-1,-1,-1,-1,-1,-1,-1,-1,-1,-1,-1,-1,-1,-1,-1,-1,-1,-1,-1,-1,310,311
400,401,-1,-1,-1,-1,-1,-1,-1,-1,-1,-1,-1,-1,305,-1,-1,-1,-1,-1,-1,-1,-1,-1,-1,-1,-1,-1,-1,-1,-1,-1,-1,-1,-1,-1,310,-1,-1,-1,-1,-1,-1,-1,-1,-1,-1,-1,-1,-1,-1,-1,-1,-1,-1,-1,-1,-1,-1,-1,-1,-1,310,311
432,433,434,434,434,434,434,434,434,434,434,434,434,434,434,434,434,434,434,434,434,434,434,434,434,434,434,434,434,434,434,434,434,434,434,434,434,434,434,434,434,434,434,434,434,434,434,434,434,434,434,434,434,434,434,434,434,434,434,434,434,434,438,439
464,465,466,466,466,466,466,466,466,466,466,466,466,466,466,466,466,466,466,466,466,466,466,466,466,466,466,466,466,466,466,466,466,466,466,466,466,466,466,466,466,466,466,466,466,466,466,466,466,466,466,466,466,466,466,466,466,466,466,466,466,466,470,471
